2021-09-01T17:57:33.009+09:00,suba0,IdeState,Active,HelloWorld,Editor,C:/Users/suba0/Desktop/플랫폼/HelloWorld/src/HelloWorld.java,,0,24,Default task
2021-09-01T17:57:34.044+09:00,suba0,IdeState,Active,HelloWorld,Editor,C:/Users/suba0/Desktop/플랫폼/HelloWorld/src/HelloWorld.java,,0,24,Default task
2021-09-01T17:57:35.050+09:00,suba0,IdeState,Active,HelloWorld,Editor,C:/Users/suba0/Desktop/플랫폼/HelloWorld/src/HelloWorld.java,,0,0,Default task
2021-09-01T17:57:35.138+09:00,suba0,Action,EditorBackSpace,HelloWorld,Editor,C:/Users/suba0/Desktop/플랫폼/HelloWorld/src/HelloWorld.java,,0,0,Default task
2021-09-01T17:57:35.156+09:00,suba0,KeyEvent,8:8:0,HelloWorld,Editor,C:/Users/suba0/Desktop/플랫폼/HelloWorld/src/HelloWorld.java,,0,0,Default task
2021-09-01T17:57:36.058+09:00,suba0,IdeState,Active,HelloWorld,Editor,C:/Users/suba0/Desktop/플랫폼/HelloWorld/src/HelloWorld.java,,0,0,Default task
2021-09-01T17:57:36.088+09:00,suba0,KeyEvent,112:80:0,HelloWorld,Editor,C:/Users/suba0/Desktop/플랫폼/HelloWorld/src/HelloWorld.java,,0,0,Default task
2021-09-01T17:57:36.319+09:00,suba0,KeyEvent,117:85:0,HelloWorld,Editor,C:/Users/suba0/Desktop/플랫폼/HelloWorld/src/HelloWorld.java,,0,1,Default task
2021-09-01T17:57:36.363+09:00,suba0,KeyEvent,105:73:0,HelloWorld,Editor,C:/Users/suba0/Desktop/플랫폼/HelloWorld/src/HelloWorld.java,,0,2,Default task
2021-09-01T17:57:36.922+09:00,suba0,Action,EditorBackSpace,HelloWorld,Editor,C:/Users/suba0/Desktop/플랫폼/HelloWorld/src/HelloWorld.java,,0,3,Default task
2021-09-01T17:57:36.941+09:00,suba0,KeyEvent,8:8:0,HelloWorld,Editor,C:/Users/suba0/Desktop/플랫폼/HelloWorld/src/HelloWorld.java,,0,2,Default task
2021-09-01T17:57:37.015+09:00,suba0,KeyEvent,98:66:0,HelloWorld,Editor,C:/Users/suba0/Desktop/플랫폼/HelloWorld/src/HelloWorld.java,,0,2,Default task
2021-09-01T17:57:37.069+09:00,suba0,IdeState,Active,HelloWorld,Editor,C:/Users/suba0/Desktop/플랫폼/HelloWorld/src/HelloWorld.java,,0,3,Default task
2021-09-01T17:57:37.188+09:00,suba0,KeyEvent,108:76:0,HelloWorld,Editor,C:/Users/suba0/Desktop/플랫폼/HelloWorld/src/HelloWorld.java,,0,3,Default task
2021-09-01T17:57:37.368+09:00,suba0,KeyEvent,105:73:0,HelloWorld,Editor,C:/Users/suba0/Desktop/플랫폼/HelloWorld/src/HelloWorld.java,,0,4,Default task
2021-09-01T17:57:37.472+09:00,suba0,KeyEvent,99:67:0,HelloWorld,Editor,C:/Users/suba0/Desktop/플랫폼/HelloWorld/src/HelloWorld.java,,0,5,Default task
2021-09-01T17:57:38.069+09:00,suba0,IdeState,Active,HelloWorld,Editor,C:/Users/suba0/Desktop/플랫폼/HelloWorld/src/HelloWorld.java,,0,6,Default task
2021-09-01T17:57:38.578+09:00,suba0,KeyEvent,32:32:0,HelloWorld,Editor,C:/Users/suba0/Desktop/플랫폼/HelloWorld/src/HelloWorld.java,,0,6,Default task
2021-09-01T17:57:38.752+09:00,suba0,KeyEvent,99:67:0,HelloWorld,Editor,C:/Users/suba0/Desktop/플랫폼/HelloWorld/src/HelloWorld.java,,0,7,Default task
2021-09-01T17:57:38.944+09:00,suba0,KeyEvent,108:76:0,HelloWorld,Editor,C:/Users/suba0/Desktop/플랫폼/HelloWorld/src/HelloWorld.java,,0,8,Default task
2021-09-01T17:57:39.079+09:00,suba0,IdeState,Active,HelloWorld,Editor,C:/Users/suba0/Desktop/플랫폼/HelloWorld/src/HelloWorld.java,,0,9,Default task
2021-09-01T17:57:39.184+09:00,suba0,KeyEvent,97:65:0,HelloWorld,Editor,C:/Users/suba0/Desktop/플랫폼/HelloWorld/src/HelloWorld.java,,0,9,Default task
2021-09-01T17:57:39.663+09:00,suba0,KeyEvent,115:83:0,HelloWorld,Editor,C:/Users/suba0/Desktop/플랫폼/HelloWorld/src/HelloWorld.java,,0,10,Default task
2021-09-01T17:57:39.815+09:00,suba0,KeyEvent,115:83:0,HelloWorld,Editor,C:/Users/suba0/Desktop/플랫폼/HelloWorld/src/HelloWorld.java,,0,11,Default task
2021-09-01T17:57:40.096+09:00,suba0,IdeState,Active,HelloWorld,Editor,C:/Users/suba0/Desktop/플랫폼/HelloWorld/src/HelloWorld.java,,0,12,Default task
2021-09-01T17:57:40.361+09:00,suba0,KeyEvent,32:32:0,HelloWorld,Editor,C:/Users/suba0/Desktop/플랫폼/HelloWorld/src/HelloWorld.java,,0,12,Default task
2021-09-01T17:57:40.840+09:00,suba0,KeyEvent,65535:16:1,HelloWorld,Editor,C:/Users/suba0/Desktop/플랫폼/HelloWorld/src/HelloWorld.java,,0,13,Default task
2021-09-01T17:57:41.024+09:00,suba0,KeyEvent,72:72:1,HelloWorld,Editor,C:/Users/suba0/Desktop/플랫폼/HelloWorld/src/HelloWorld.java,,0,13,Default task
2021-09-01T17:57:41.106+09:00,suba0,IdeState,Active,HelloWorld,Editor,C:/Users/suba0/Desktop/플랫폼/HelloWorld/src/HelloWorld.java,,0,14,Default task
2021-09-01T17:57:41.176+09:00,suba0,KeyEvent,101:69:0,HelloWorld,Editor,C:/Users/suba0/Desktop/플랫폼/HelloWorld/src/HelloWorld.java,,0,14,Default task
2021-09-01T17:57:41.368+09:00,suba0,KeyEvent,108:76:0,HelloWorld,Editor,C:/Users/suba0/Desktop/플랫폼/HelloWorld/src/HelloWorld.java,,0,15,Default task
2021-09-01T17:57:41.511+09:00,suba0,KeyEvent,108:76:0,HelloWorld,Editor,C:/Users/suba0/Desktop/플랫폼/HelloWorld/src/HelloWorld.java,,0,16,Default task
2021-09-01T17:57:41.784+09:00,suba0,KeyEvent,111:79:0,HelloWorld,Editor,C:/Users/suba0/Desktop/플랫폼/HelloWorld/src/HelloWorld.java,,0,17,Default task
2021-09-01T17:57:42.122+09:00,suba0,IdeState,Active,HelloWorld,Editor,C:/Users/suba0/Desktop/플랫폼/HelloWorld/src/HelloWorld.java,,0,18,Default task
2021-09-01T17:57:42.135+09:00,suba0,KeyEvent,65535:16:1,HelloWorld,Editor,C:/Users/suba0/Desktop/플랫폼/HelloWorld/src/HelloWorld.java,,0,18,Default task
2021-09-01T17:57:42.239+09:00,suba0,KeyEvent,87:87:1,HelloWorld,Editor,C:/Users/suba0/Desktop/플랫폼/HelloWorld/src/HelloWorld.java,,0,18,Default task
2021-09-01T17:57:42.423+09:00,suba0,KeyEvent,111:79:0,HelloWorld,Editor,C:/Users/suba0/Desktop/플랫폼/HelloWorld/src/HelloWorld.java,,0,19,Default task
2021-09-01T17:57:42.632+09:00,suba0,KeyEvent,114:82:0,HelloWorld,Editor,C:/Users/suba0/Desktop/플랫폼/HelloWorld/src/HelloWorld.java,,0,20,Default task
2021-09-01T17:57:42.976+09:00,suba0,KeyEvent,108:76:0,HelloWorld,Editor,C:/Users/suba0/Desktop/플랫폼/HelloWorld/src/HelloWorld.java,,0,21,Default task
2021-09-01T17:57:43.137+09:00,suba0,IdeState,Active,HelloWorld,Editor,C:/Users/suba0/Desktop/플랫폼/HelloWorld/src/HelloWorld.java,,0,22,Default task
2021-09-01T17:57:43.159+09:00,suba0,KeyEvent,100:68:0,HelloWorld,Editor,C:/Users/suba0/Desktop/플랫폼/HelloWorld/src/HelloWorld.java,,0,22,Default task
2021-09-01T17:57:44.146+09:00,suba0,IdeState,Active,HelloWorld,Editor,C:/Users/suba0/Desktop/플랫폼/HelloWorld/src/HelloWorld.java,,0,23,Default task
2021-09-01T17:57:44.823+09:00,suba0,KeyEvent,65535:16:1,HelloWorld,Editor,C:/Users/suba0/Desktop/플랫폼/HelloWorld/src/HelloWorld.java,,0,23,Default task
2021-09-01T17:57:44.944+09:00,suba0,KeyEvent,123:91:1,HelloWorld,Editor,C:/Users/suba0/Desktop/플랫폼/HelloWorld/src/HelloWorld.java,,0,23,Default task
2021-09-01T17:57:45.156+09:00,suba0,IdeState,Active,HelloWorld,Editor,C:/Users/suba0/Desktop/플랫폼/HelloWorld/src/HelloWorld.java,,0,24,Default task
2021-09-01T17:57:45.198+09:00,suba0,Action,EditorEnter,HelloWorld,Editor,C:/Users/suba0/Desktop/플랫폼/HelloWorld/src/HelloWorld.java,,0,24,Default task
2021-09-01T17:57:45.259+09:00,suba0,KeyEvent,10:10:0,HelloWorld,Editor,C:/Users/suba0/Desktop/플랫폼/HelloWorld/src/HelloWorld.java,,1,4,Default task
2021-09-01T17:57:46.072+09:00,suba0,KeyEvent,112:80:0,HelloWorld,Editor,C:/Users/suba0/Desktop/플랫폼/HelloWorld/src/HelloWorld.java,,1,4,Default task
2021-09-01T17:57:46.164+09:00,suba0,IdeState,Active,HelloWorld,Editor,C:/Users/suba0/Desktop/플랫폼/HelloWorld/src/HelloWorld.java,,1,5,Default task
2021-09-01T17:57:46.305+09:00,suba0,KeyEvent,117:85:0,HelloWorld,Editor,C:/Users/suba0/Desktop/플랫폼/HelloWorld/src/HelloWorld.java,,1,5,Default task
2021-09-01T17:57:46.504+09:00,suba0,KeyEvent,118:86:0,HelloWorld,Editor,C:/Users/suba0/Desktop/플랫폼/HelloWorld/src/HelloWorld.java,,1,6,Default task
2021-09-01T17:57:46.793+09:00,suba0,Action,EditorBackSpace,HelloWorld,Editor,C:/Users/suba0/Desktop/플랫폼/HelloWorld/src/HelloWorld.java,,1,7,Default task
2021-09-01T17:57:46.800+09:00,suba0,KeyEvent,8:8:0,HelloWorld,Editor,C:/Users/suba0/Desktop/플랫폼/HelloWorld/src/HelloWorld.java,,1,6,Default task
2021-09-01T17:57:46.912+09:00,suba0,KeyEvent,98:66:0,HelloWorld,Editor,C:/Users/suba0/Desktop/플랫폼/HelloWorld/src/HelloWorld.java,,1,6,Default task
2021-09-01T17:57:47.031+09:00,suba0,KeyEvent,108:76:0,HelloWorld,Editor,C:/Users/suba0/Desktop/플랫폼/HelloWorld/src/HelloWorld.java,,1,7,Default task
2021-09-01T17:57:47.177+09:00,suba0,IdeState,Active,HelloWorld,Editor,C:/Users/suba0/Desktop/플랫폼/HelloWorld/src/HelloWorld.java,,1,8,Default task
2021-09-01T17:57:47.224+09:00,suba0,KeyEvent,105:73:0,HelloWorld,Editor,C:/Users/suba0/Desktop/플랫폼/HelloWorld/src/HelloWorld.java,,1,8,Default task
2021-09-01T17:57:47.359+09:00,suba0,KeyEvent,99:67:0,HelloWorld,Editor,C:/Users/suba0/Desktop/플랫폼/HelloWorld/src/HelloWorld.java,,1,9,Default task
2021-09-01T17:57:47.545+09:00,suba0,KeyEvent,32:32:0,HelloWorld,Editor,C:/Users/suba0/Desktop/플랫폼/HelloWorld/src/HelloWorld.java,,1,10,Default task
2021-09-01T17:57:47.744+09:00,suba0,KeyEvent,115:83:0,HelloWorld,Editor,C:/Users/suba0/Desktop/플랫폼/HelloWorld/src/HelloWorld.java,,1,11,Default task
2021-09-01T17:57:48.015+09:00,suba0,KeyEvent,116:84:0,HelloWorld,Editor,C:/Users/suba0/Desktop/플랫폼/HelloWorld/src/HelloWorld.java,,1,12,Default task
2021-09-01T17:57:48.192+09:00,suba0,IdeState,Active,HelloWorld,Editor,C:/Users/suba0/Desktop/플랫폼/HelloWorld/src/HelloWorld.java,,1,13,Default task
2021-09-01T17:57:48.216+09:00,suba0,KeyEvent,97:65:0,HelloWorld,Editor,C:/Users/suba0/Desktop/플랫폼/HelloWorld/src/HelloWorld.java,,1,13,Default task
2021-09-01T17:57:48.560+09:00,suba0,KeyEvent,116:84:0,HelloWorld,Editor,C:/Users/suba0/Desktop/플랫폼/HelloWorld/src/HelloWorld.java,,1,14,Default task
2021-09-01T17:57:48.728+09:00,suba0,KeyEvent,105:73:0,HelloWorld,Editor,C:/Users/suba0/Desktop/플랫폼/HelloWorld/src/HelloWorld.java,,1,15,Default task
2021-09-01T17:57:49.144+09:00,suba0,KeyEvent,99:67:0,HelloWorld,Editor,C:/Users/suba0/Desktop/플랫폼/HelloWorld/src/HelloWorld.java,,1,16,Default task
2021-09-01T17:57:49.162+09:00,suba0,KeyEvent,118:86:0,HelloWorld,Editor,C:/Users/suba0/Desktop/플랫폼/HelloWorld/src/HelloWorld.java,,1,17,Default task
2021-09-01T17:57:49.207+09:00,suba0,IdeState,Active,HelloWorld,Editor,C:/Users/suba0/Desktop/플랫폼/HelloWorld/src/HelloWorld.java,,1,18,Default task
2021-09-01T17:57:49.537+09:00,suba0,Action,EditorBackSpace,HelloWorld,Editor,C:/Users/suba0/Desktop/플랫폼/HelloWorld/src/HelloWorld.java,,1,18,Default task
2021-09-01T17:57:49.541+09:00,suba0,KeyEvent,8:8:0,HelloWorld,Editor,C:/Users/suba0/Desktop/플랫폼/HelloWorld/src/HelloWorld.java,,1,17,Default task
2021-09-01T17:57:49.961+09:00,suba0,KeyEvent,32:32:0,HelloWorld,Editor,C:/Users/suba0/Desktop/플랫폼/HelloWorld/src/HelloWorld.java,,1,17,Default task
2021-09-01T17:57:50.215+09:00,suba0,IdeState,Active,HelloWorld,Editor,C:/Users/suba0/Desktop/플랫폼/HelloWorld/src/HelloWorld.java,,1,18,Default task
2021-09-01T17:57:50.999+09:00,suba0,KeyEvent,118:86:0,HelloWorld,Editor,C:/Users/suba0/Desktop/플랫폼/HelloWorld/src/HelloWorld.java,,1,18,Default task
2021-09-01T17:57:51.103+09:00,suba0,KeyEvent,111:79:0,HelloWorld,Editor,C:/Users/suba0/Desktop/플랫폼/HelloWorld/src/HelloWorld.java,,1,19,Default task
2021-09-01T17:57:51.227+09:00,suba0,IdeState,Active,HelloWorld,Editor,C:/Users/suba0/Desktop/플랫폼/HelloWorld/src/HelloWorld.java,,1,20,Default task
2021-09-01T17:57:51.311+09:00,suba0,KeyEvent,105:73:0,HelloWorld,Editor,C:/Users/suba0/Desktop/플랫폼/HelloWorld/src/HelloWorld.java,,1,20,Default task
2021-09-01T17:57:51.439+09:00,suba0,KeyEvent,100:68:0,HelloWorld,Editor,C:/Users/suba0/Desktop/플랫폼/HelloWorld/src/HelloWorld.java,,1,21,Default task
2021-09-01T17:57:51.769+09:00,suba0,KeyEvent,32:32:0,HelloWorld,Editor,C:/Users/suba0/Desktop/플랫폼/HelloWorld/src/HelloWorld.java,,1,22,Default task
2021-09-01T17:57:52.234+09:00,suba0,IdeState,Active,HelloWorld,Editor,C:/Users/suba0/Desktop/플랫폼/HelloWorld/src/HelloWorld.java,,1,23,Default task
2021-09-01T17:57:52.407+09:00,suba0,KeyEvent,109:77:0,HelloWorld,Editor,C:/Users/suba0/Desktop/플랫폼/HelloWorld/src/HelloWorld.java,,1,23,Default task
2021-09-01T17:57:52.511+09:00,suba0,KeyEvent,97:65:0,HelloWorld,Editor,C:/Users/suba0/Desktop/플랫폼/HelloWorld/src/HelloWorld.java,,1,24,Default task
2021-09-01T17:57:52.687+09:00,suba0,KeyEvent,105:73:0,HelloWorld,Editor,C:/Users/suba0/Desktop/플랫폼/HelloWorld/src/HelloWorld.java,,1,25,Default task
2021-09-01T17:57:52.888+09:00,suba0,KeyEvent,110:78:0,HelloWorld,Editor,C:/Users/suba0/Desktop/플랫폼/HelloWorld/src/HelloWorld.java,,1,26,Default task
2021-09-01T17:57:53.243+09:00,suba0,IdeState,Active,HelloWorld,Editor,C:/Users/suba0/Desktop/플랫폼/HelloWorld/src/HelloWorld.java,,1,27,Default task
2021-09-01T17:57:54.231+09:00,suba0,KeyEvent,65535:16:1,HelloWorld,Editor,C:/Users/suba0/Desktop/플랫폼/HelloWorld/src/HelloWorld.java,,1,27,Default task
2021-09-01T17:57:54.257+09:00,suba0,IdeState,Active,HelloWorld,Editor,C:/Users/suba0/Desktop/플랫폼/HelloWorld/src/HelloWorld.java,,1,27,Default task
2021-09-01T17:57:54.400+09:00,suba0,KeyEvent,40:57:1,HelloWorld,Editor,C:/Users/suba0/Desktop/플랫폼/HelloWorld/src/HelloWorld.java,,1,27,Default task
2021-09-01T17:57:54.687+09:00,suba0,KeyEvent,65535:16:1,HelloWorld,Editor,C:/Users/suba0/Desktop/플랫폼/HelloWorld/src/HelloWorld.java,HelloWorld::main,1,28,Default task
2021-09-01T17:57:54.791+09:00,suba0,KeyEvent,83:83:1,HelloWorld,Editor,C:/Users/suba0/Desktop/플랫폼/HelloWorld/src/HelloWorld.java,HelloWorld::main,1,28,Default task
2021-09-01T17:57:54.999+09:00,suba0,KeyEvent,116:84:0,HelloWorld,Editor,C:/Users/suba0/Desktop/플랫폼/HelloWorld/src/HelloWorld.java,HelloWorld::main,1,29,Default task
2021-09-01T17:57:55.200+09:00,suba0,KeyEvent,114:82:0,HelloWorld,Editor,C:/Users/suba0/Desktop/플랫폼/HelloWorld/src/HelloWorld.java,HelloWorld::main,1,30,Default task
2021-09-01T17:57:55.268+09:00,suba0,IdeState,Active,HelloWorld,Editor,C:/Users/suba0/Desktop/플랫폼/HelloWorld/src/HelloWorld.java,HelloWorld::main,1,31,Default task
2021-09-01T17:57:55.279+09:00,suba0,KeyEvent,105:73:0,HelloWorld,Editor,C:/Users/suba0/Desktop/플랫폼/HelloWorld/src/HelloWorld.java,HelloWorld::main,1,31,Default task
2021-09-01T17:57:55.467+09:00,suba0,KeyEvent,110:78:0,HelloWorld,Editor,C:/Users/suba0/Desktop/플랫폼/HelloWorld/src/HelloWorld.java,HelloWorld::main,1,32,Default task
2021-09-01T17:57:55.576+09:00,suba0,KeyEvent,103:71:0,HelloWorld,Editor,C:/Users/suba0/Desktop/플랫폼/HelloWorld/src/HelloWorld.java,HelloWorld::main,1,33,Default task
2021-09-01T17:57:56.275+09:00,suba0,IdeState,Active,HelloWorld,Editor,C:/Users/suba0/Desktop/플랫폼/HelloWorld/src/HelloWorld.java,HelloWorld::main,1,34,Default task
2021-09-01T17:57:57.159+09:00,suba0,KeyEvent,91:91:0,HelloWorld,Editor,C:/Users/suba0/Desktop/플랫폼/HelloWorld/src/HelloWorld.java,HelloWorld::main,1,34,Default task
2021-09-01T17:57:57.289+09:00,suba0,IdeState,Active,HelloWorld,Editor,C:/Users/suba0/Desktop/플랫폼/HelloWorld/src/HelloWorld.java,HelloWorld::main,1,35,Default task
2021-09-01T17:57:57.357+09:00,suba0,Action,EditorRight,HelloWorld,Editor,C:/Users/suba0/Desktop/플랫폼/HelloWorld/src/HelloWorld.java,HelloWorld::main,1,35,Default task
2021-09-01T17:57:57.360+09:00,suba0,KeyEvent,65535:39:0,HelloWorld,Editor,C:/Users/suba0/Desktop/플랫폼/HelloWorld/src/HelloWorld.java,HelloWorld::main,1,36,Default task
2021-09-01T17:57:57.912+09:00,suba0,KeyEvent,32:32:0,HelloWorld,Editor,C:/Users/suba0/Desktop/플랫폼/HelloWorld/src/HelloWorld.java,HelloWorld::main,1,36,Default task
2021-09-01T17:57:58.103+09:00,suba0,KeyEvent,97:65:0,HelloWorld,Editor,C:/Users/suba0/Desktop/플랫폼/HelloWorld/src/HelloWorld.java,HelloWorld::main,1,37,Default task
2021-09-01T17:57:58.263+09:00,suba0,KeyEvent,114:82:0,HelloWorld,Editor,C:/Users/suba0/Desktop/플랫폼/HelloWorld/src/HelloWorld.java,HelloWorld::main,1,38,Default task
2021-09-01T17:57:58.299+09:00,suba0,IdeState,Active,HelloWorld,Editor,C:/Users/suba0/Desktop/플랫폼/HelloWorld/src/HelloWorld.java,HelloWorld::main,1,39,Default task
2021-09-01T17:57:58.594+09:00,suba0,KeyEvent,103:71:0,HelloWorld,Editor,C:/Users/suba0/Desktop/플랫폼/HelloWorld/src/HelloWorld.java,HelloWorld::main,1,39,Default task
2021-09-01T17:57:58.840+09:00,suba0,KeyEvent,115:83:0,HelloWorld,Editor,C:/Users/suba0/Desktop/플랫폼/HelloWorld/src/HelloWorld.java,HelloWorld::main,1,40,Default task
2021-09-01T17:57:59.283+09:00,suba0,Action,EditorLineEnd,HelloWorld,Editor,C:/Users/suba0/Desktop/플랫폼/HelloWorld/src/HelloWorld.java,HelloWorld::main,1,41,Default task
2021-09-01T17:57:59.287+09:00,suba0,KeyEvent,65535:35:0,HelloWorld,Editor,C:/Users/suba0/Desktop/플랫폼/HelloWorld/src/HelloWorld.java,,1,42,Default task
2021-09-01T17:57:59.314+09:00,suba0,IdeState,Active,HelloWorld,Editor,C:/Users/suba0/Desktop/플랫폼/HelloWorld/src/HelloWorld.java,,1,42,Default task
2021-09-01T17:58:00.320+09:00,suba0,IdeState,Active,HelloWorld,Editor,C:/Users/suba0/Desktop/플랫폼/HelloWorld/src/HelloWorld.java,,1,42,Default task
2021-09-01T17:58:00.351+09:00,suba0,KeyEvent,65535:16:1,HelloWorld,Editor,C:/Users/suba0/Desktop/플랫폼/HelloWorld/src/HelloWorld.java,,1,42,Default task
2021-09-01T17:58:00.456+09:00,suba0,KeyEvent,123:91:1,HelloWorld,Editor,C:/Users/suba0/Desktop/플랫폼/HelloWorld/src/HelloWorld.java,,1,42,Default task
2021-09-01T17:58:00.641+09:00,suba0,Action,EditorEnter,HelloWorld,Editor,C:/Users/suba0/Desktop/플랫폼/HelloWorld/src/HelloWorld.java,HelloWorld::main,1,43,Default task
2021-09-01T17:58:00.657+09:00,suba0,KeyEvent,10:10:0,HelloWorld,Editor,C:/Users/suba0/Desktop/플랫폼/HelloWorld/src/HelloWorld.java,,2,8,Default task
2021-09-01T17:58:01.147+09:00,suba0,KeyEvent,65535:16:1,HelloWorld,Editor,C:/Users/suba0/Desktop/플랫폼/HelloWorld/src/HelloWorld.java,HelloWorld::main,2,8,Default task
2021-09-01T17:58:01.240+09:00,suba0,KeyEvent,83:83:1,HelloWorld,Editor,C:/Users/suba0/Desktop/플랫폼/HelloWorld/src/HelloWorld.java,HelloWorld::main,2,8,Default task
2021-09-01T17:58:01.336+09:00,suba0,IdeState,Active,HelloWorld,Editor,C:/Users/suba0/Desktop/플랫폼/HelloWorld/src/HelloWorld.java,HelloWorld::main,2,9,Default task
2021-09-01T17:58:01.519+09:00,suba0,KeyEvent,116:84:0,HelloWorld,Editor,C:/Users/suba0/Desktop/플랫폼/HelloWorld/src/HelloWorld.java,HelloWorld::main,2,9,Default task
2021-09-01T17:58:02.128+09:00,suba0,Action,EditorBackSpace,HelloWorld,Editor,C:/Users/suba0/Desktop/플랫폼/HelloWorld/src/HelloWorld.java,HelloWorld::main,2,10,Default task
2021-09-01T17:58:02.151+09:00,suba0,KeyEvent,8:8:0,HelloWorld,Editor,C:/Users/suba0/Desktop/플랫폼/HelloWorld/src/HelloWorld.java,HelloWorld::main,2,9,Default task
2021-09-01T17:58:02.345+09:00,suba0,IdeState,Active,HelloWorld,Editor,C:/Users/suba0/Desktop/플랫폼/HelloWorld/src/HelloWorld.java,HelloWorld::main,2,9,Default task
2021-09-01T17:58:02.391+09:00,suba0,KeyEvent,121:89:0,HelloWorld,Editor,C:/Users/suba0/Desktop/플랫폼/HelloWorld/src/HelloWorld.java,HelloWorld::main,2,9,Default task
2021-09-01T17:58:02.623+09:00,suba0,KeyEvent,115:83:0,HelloWorld,Editor,C:/Users/suba0/Desktop/플랫폼/HelloWorld/src/HelloWorld.java,HelloWorld::main,2,10,Default task
2021-09-01T17:58:02.808+09:00,suba0,KeyEvent,116:84:0,HelloWorld,Editor,C:/Users/suba0/Desktop/플랫폼/HelloWorld/src/HelloWorld.java,HelloWorld::main,2,11,Default task
2021-09-01T17:58:03.015+09:00,suba0,KeyEvent,101:69:0,HelloWorld,Editor,C:/Users/suba0/Desktop/플랫폼/HelloWorld/src/HelloWorld.java,HelloWorld::main,2,12,Default task
2021-09-01T17:58:03.183+09:00,suba0,KeyEvent,109:77:0,HelloWorld,Editor,C:/Users/suba0/Desktop/플랫폼/HelloWorld/src/HelloWorld.java,HelloWorld::main,2,13,Default task
2021-09-01T17:58:03.354+09:00,suba0,IdeState,Active,HelloWorld,Editor,C:/Users/suba0/Desktop/플랫폼/HelloWorld/src/HelloWorld.java,HelloWorld::main,2,14,Default task
2021-09-01T17:58:04.362+09:00,suba0,IdeState,Active,HelloWorld,Editor,C:/Users/suba0/Desktop/플랫폼/HelloWorld/src/HelloWorld.java,HelloWorld::main,2,14,Default task
2021-09-01T17:58:04.655+09:00,suba0,KeyEvent,46:46:0,HelloWorld,Editor,C:/Users/suba0/Desktop/플랫폼/HelloWorld/src/HelloWorld.java,HelloWorld::main,2,14,Default task
2021-09-01T17:58:04.920+09:00,suba0,KeyEvent,111:79:0,HelloWorld,Editor,C:/Users/suba0/Desktop/플랫폼/HelloWorld/src/HelloWorld.java,HelloWorld::main,2,15,Default task
2021-09-01T17:58:05.112+09:00,suba0,KeyEvent,117:85:0,HelloWorld,Editor,C:/Users/suba0/Desktop/플랫폼/HelloWorld/src/HelloWorld.java,HelloWorld::main,2,16,Default task
2021-09-01T17:58:05.263+09:00,suba0,KeyEvent,116:84:0,HelloWorld,Editor,C:/Users/suba0/Desktop/플랫폼/HelloWorld/src/HelloWorld.java,HelloWorld::main,2,17,Default task
2021-09-01T17:58:05.373+09:00,suba0,IdeState,Active,HelloWorld,Editor,C:/Users/suba0/Desktop/플랫폼/HelloWorld/src/HelloWorld.java,HelloWorld::main,2,18,Default task
2021-09-01T17:58:05.680+09:00,suba0,KeyEvent,46:46:0,HelloWorld,Editor,C:/Users/suba0/Desktop/플랫폼/HelloWorld/src/HelloWorld.java,HelloWorld::main,2,18,Default task
2021-09-01T17:58:06.127+09:00,suba0,KeyEvent,112:80:0,HelloWorld,Editor,C:/Users/suba0/Desktop/플랫폼/HelloWorld/src/HelloWorld.java,HelloWorld::main,2,19,Default task
2021-09-01T17:58:06.384+09:00,suba0,IdeState,Active,HelloWorld,Editor,C:/Users/suba0/Desktop/플랫폼/HelloWorld/src/HelloWorld.java,HelloWorld::main,2,20,Default task
2021-09-01T17:58:06.439+09:00,suba0,KeyEvent,114:82:0,HelloWorld,Editor,C:/Users/suba0/Desktop/플랫폼/HelloWorld/src/HelloWorld.java,HelloWorld::main,2,20,Default task
2021-09-01T17:58:06.535+09:00,suba0,KeyEvent,105:73:0,HelloWorld,Editor,C:/Users/suba0/Desktop/플랫폼/HelloWorld/src/HelloWorld.java,HelloWorld::main,2,21,Default task
2021-09-01T17:58:06.719+09:00,suba0,KeyEvent,110:78:0,HelloWorld,Editor,C:/Users/suba0/Desktop/플랫폼/HelloWorld/src/HelloWorld.java,HelloWorld::main,2,22,Default task
2021-09-01T17:58:06.847+09:00,suba0,KeyEvent,116:84:0,HelloWorld,Editor,C:/Users/suba0/Desktop/플랫폼/HelloWorld/src/HelloWorld.java,HelloWorld::main,2,23,Default task
2021-09-01T17:58:07.080+09:00,suba0,KeyEvent,108:76:0,HelloWorld,Editor,C:/Users/suba0/Desktop/플랫폼/HelloWorld/src/HelloWorld.java,HelloWorld::main,2,24,Default task
2021-09-01T17:58:07.328+09:00,suba0,KeyEvent,110:78:0,HelloWorld,Editor,C:/Users/suba0/Desktop/플랫폼/HelloWorld/src/HelloWorld.java,HelloWorld::main,2,25,Default task
2021-09-01T17:58:07.400+09:00,suba0,IdeState,Active,HelloWorld,Editor,C:/Users/suba0/Desktop/플랫폼/HelloWorld/src/HelloWorld.java,HelloWorld::main,2,26,Default task
2021-09-01T17:58:08.407+09:00,suba0,IdeState,Active,HelloWorld,Editor,C:/Users/suba0/Desktop/플랫폼/HelloWorld/src/HelloWorld.java,HelloWorld::main,2,26,Default task
2021-09-01T17:58:08.743+09:00,suba0,KeyEvent,65535:16:1,HelloWorld,Editor,C:/Users/suba0/Desktop/플랫폼/HelloWorld/src/HelloWorld.java,HelloWorld::main,2,26,Default task
2021-09-01T17:58:08.872+09:00,suba0,KeyEvent,40:57:1,HelloWorld,Editor,C:/Users/suba0/Desktop/플랫폼/HelloWorld/src/HelloWorld.java,HelloWorld::main,2,26,Default task
2021-09-01T17:58:09.239+09:00,suba0,KeyEvent,65535:16:1,HelloWorld,Editor,C:/Users/suba0/Desktop/플랫폼/HelloWorld/src/HelloWorld.java,HelloWorld::main,2,27,Default task
2021-09-01T17:58:09.414+09:00,suba0,IdeState,Active,HelloWorld,Editor,C:/Users/suba0/Desktop/플랫폼/HelloWorld/src/HelloWorld.java,HelloWorld::main,2,27,Default task
2021-09-01T17:58:09.753+09:00,suba0,KeyEvent,65535:16:1,HelloWorld,Editor,C:/Users/suba0/Desktop/플랫폼/HelloWorld/src/HelloWorld.java,HelloWorld::main,2,27,Default task
2021-09-01T17:58:09.759+09:00,suba0,KeyEvent,34:222:1,HelloWorld,Editor,C:/Users/suba0/Desktop/플랫폼/HelloWorld/src/HelloWorld.java,HelloWorld::main,2,27,Default task
2021-09-01T17:58:10.336+09:00,suba0,KeyEvent,65535:16:1,HelloWorld,Editor,C:/Users/suba0/Desktop/플랫폼/HelloWorld/src/HelloWorld.java,HelloWorld::main,2,28,Default task
2021-09-01T17:58:10.423+09:00,suba0,IdeState,Active,HelloWorld,Editor,C:/Users/suba0/Desktop/플랫폼/HelloWorld/src/HelloWorld.java,HelloWorld::main,2,28,Default task
2021-09-01T17:58:10.424+09:00,suba0,KeyEvent,72:72:1,HelloWorld,Editor,C:/Users/suba0/Desktop/플랫폼/HelloWorld/src/HelloWorld.java,HelloWorld::main,2,28,Default task
2021-09-01T17:58:10.632+09:00,suba0,KeyEvent,101:69:0,HelloWorld,Editor,C:/Users/suba0/Desktop/플랫폼/HelloWorld/src/HelloWorld.java,HelloWorld::main,2,29,Default task
2021-09-01T17:58:11.231+09:00,suba0,KeyEvent,108:76:0,HelloWorld,Editor,C:/Users/suba0/Desktop/플랫폼/HelloWorld/src/HelloWorld.java,HelloWorld::main,2,30,Default task
2021-09-01T17:58:11.375+09:00,suba0,KeyEvent,108:76:0,HelloWorld,Editor,C:/Users/suba0/Desktop/플랫폼/HelloWorld/src/HelloWorld.java,HelloWorld::main,2,31,Default task
2021-09-01T17:58:11.431+09:00,suba0,IdeState,Active,HelloWorld,Editor,C:/Users/suba0/Desktop/플랫폼/HelloWorld/src/HelloWorld.java,HelloWorld::main,2,32,Default task
2021-09-01T17:58:11.631+09:00,suba0,KeyEvent,111:79:0,HelloWorld,Editor,C:/Users/suba0/Desktop/플랫폼/HelloWorld/src/HelloWorld.java,HelloWorld::main,2,32,Default task
2021-09-01T17:58:12.192+09:00,suba0,KeyEvent,44:44:0,HelloWorld,Editor,C:/Users/suba0/Desktop/플랫폼/HelloWorld/src/HelloWorld.java,HelloWorld::main,2,33,Default task
2021-09-01T17:58:12.439+09:00,suba0,IdeState,Active,HelloWorld,Editor,C:/Users/suba0/Desktop/플랫폼/HelloWorld/src/HelloWorld.java,HelloWorld::main,2,34,Default task
2021-09-01T17:58:13.401+09:00,suba0,KeyEvent,32:32:0,HelloWorld,Editor,C:/Users/suba0/Desktop/플랫폼/HelloWorld/src/HelloWorld.java,HelloWorld::main,2,34,Default task
2021-09-01T17:58:13.441+09:00,suba0,IdeState,Active,HelloWorld,Editor,C:/Users/suba0/Desktop/플랫폼/HelloWorld/src/HelloWorld.java,HelloWorld::main,2,35,Default task
2021-09-01T17:58:13.600+09:00,suba0,KeyEvent,65535:16:1,HelloWorld,Editor,C:/Users/suba0/Desktop/플랫폼/HelloWorld/src/HelloWorld.java,HelloWorld::main,2,35,Default task
2021-09-01T17:58:13.711+09:00,suba0,KeyEvent,87:87:1,HelloWorld,Editor,C:/Users/suba0/Desktop/플랫폼/HelloWorld/src/HelloWorld.java,HelloWorld::main,2,35,Default task
2021-09-01T17:58:13.904+09:00,suba0,KeyEvent,111:79:0,HelloWorld,Editor,C:/Users/suba0/Desktop/플랫폼/HelloWorld/src/HelloWorld.java,HelloWorld::main,2,36,Default task
2021-09-01T17:58:14.039+09:00,suba0,KeyEvent,114:82:0,HelloWorld,Editor,C:/Users/suba0/Desktop/플랫폼/HelloWorld/src/HelloWorld.java,HelloWorld::main,2,37,Default task
2021-09-01T17:58:14.450+09:00,suba0,IdeState,Active,HelloWorld,Editor,C:/Users/suba0/Desktop/플랫폼/HelloWorld/src/HelloWorld.java,HelloWorld::main,2,38,Default task
2021-09-01T17:58:14.703+09:00,suba0,KeyEvent,108:76:0,HelloWorld,Editor,C:/Users/suba0/Desktop/플랫폼/HelloWorld/src/HelloWorld.java,HelloWorld::main,2,38,Default task
2021-09-01T17:58:14.895+09:00,suba0,KeyEvent,100:68:0,HelloWorld,Editor,C:/Users/suba0/Desktop/플랫폼/HelloWorld/src/HelloWorld.java,HelloWorld::main,2,39,Default task
2021-09-01T17:58:15.425+09:00,suba0,KeyEvent,32:32:0,HelloWorld,Editor,C:/Users/suba0/Desktop/플랫폼/HelloWorld/src/HelloWorld.java,HelloWorld::main,2,40,Default task
2021-09-01T17:58:15.458+09:00,suba0,IdeState,Active,HelloWorld,Editor,C:/Users/suba0/Desktop/플랫폼/HelloWorld/src/HelloWorld.java,HelloWorld::main,2,41,Default task
2021-09-01T17:58:16.469+09:00,suba0,IdeState,Active,HelloWorld,Editor,C:/Users/suba0/Desktop/플랫폼/HelloWorld/src/HelloWorld.java,HelloWorld::main,2,41,Default task
2021-09-01T17:58:16.687+09:00,suba0,KeyEvent,50:98:0,HelloWorld,Editor,C:/Users/suba0/Desktop/플랫폼/HelloWorld/src/HelloWorld.java,HelloWorld::main,2,41,Default task
2021-09-01T17:58:16.824+09:00,suba0,KeyEvent,48:96:0,HelloWorld,Editor,C:/Users/suba0/Desktop/플랫폼/HelloWorld/src/HelloWorld.java,HelloWorld::main,2,42,Default task
2021-09-01T17:58:16.959+09:00,suba0,KeyEvent,50:98:0,HelloWorld,Editor,C:/Users/suba0/Desktop/플랫폼/HelloWorld/src/HelloWorld.java,HelloWorld::main,2,43,Default task
2021-09-01T17:58:17.088+09:00,suba0,KeyEvent,48:96:0,HelloWorld,Editor,C:/Users/suba0/Desktop/플랫폼/HelloWorld/src/HelloWorld.java,HelloWorld::main,2,44,Default task
2021-09-01T17:58:17.336+09:00,suba0,KeyEvent,53:101:0,HelloWorld,Editor,C:/Users/suba0/Desktop/플랫폼/HelloWorld/src/HelloWorld.java,HelloWorld::main,2,45,Default task
2021-09-01T17:58:17.482+09:00,suba0,IdeState,Active,HelloWorld,Editor,C:/Users/suba0/Desktop/플랫폼/HelloWorld/src/HelloWorld.java,HelloWorld::main,2,46,Default task
2021-09-01T17:58:17.511+09:00,suba0,KeyEvent,53:101:0,HelloWorld,Editor,C:/Users/suba0/Desktop/플랫폼/HelloWorld/src/HelloWorld.java,HelloWorld::main,2,46,Default task
2021-09-01T17:58:17.655+09:00,suba0,KeyEvent,53:101:0,HelloWorld,Editor,C:/Users/suba0/Desktop/플랫폼/HelloWorld/src/HelloWorld.java,HelloWorld::main,2,47,Default task
2021-09-01T17:58:17.895+09:00,suba0,KeyEvent,49:97:0,HelloWorld,Editor,C:/Users/suba0/Desktop/플랫폼/HelloWorld/src/HelloWorld.java,HelloWorld::main,2,48,Default task
2021-09-01T17:58:18.039+09:00,suba0,KeyEvent,49:97:0,HelloWorld,Editor,C:/Users/suba0/Desktop/플랫폼/HelloWorld/src/HelloWorld.java,HelloWorld::main,2,49,Default task
2021-09-01T17:58:18.192+09:00,suba0,KeyEvent,65535:16:1,HelloWorld,Editor,C:/Users/suba0/Desktop/플랫폼/HelloWorld/src/HelloWorld.java,HelloWorld::main,2,50,Default task
2021-09-01T17:58:18.320+09:00,suba0,KeyEvent,33:49:1,HelloWorld,Editor,C:/Users/suba0/Desktop/플랫폼/HelloWorld/src/HelloWorld.java,HelloWorld::main,2,50,Default task
2021-09-01T17:58:18.497+09:00,suba0,IdeState,Active,HelloWorld,Editor,C:/Users/suba0/Desktop/플랫폼/HelloWorld/src/HelloWorld.java,HelloWorld::main,2,51,Default task
2021-09-01T17:58:19.265+09:00,suba0,Action,EditorLineEnd,HelloWorld,Editor,C:/Users/suba0/Desktop/플랫폼/HelloWorld/src/HelloWorld.java,HelloWorld::main,2,51,Default task
2021-09-01T17:58:19.266+09:00,suba0,KeyEvent,65535:35:0,HelloWorld,Editor,C:/Users/suba0/Desktop/플랫폼/HelloWorld/src/HelloWorld.java,HelloWorld::main,2,53,Default task
2021-09-01T17:58:19.504+09:00,suba0,IdeState,Active,HelloWorld,Editor,C:/Users/suba0/Desktop/플랫폼/HelloWorld/src/HelloWorld.java,HelloWorld::main,2,53,Default task
2021-09-01T17:58:20.111+09:00,suba0,KeyEvent,59:59:0,HelloWorld,Editor,C:/Users/suba0/Desktop/플랫폼/HelloWorld/src/HelloWorld.java,HelloWorld::main,2,53,Default task
2021-09-01T17:58:20.516+09:00,suba0,IdeState,Active,HelloWorld,Editor,C:/Users/suba0/Desktop/플랫폼/HelloWorld/src/HelloWorld.java,HelloWorld::main,2,54,Default task
2021-09-01T17:58:21.521+09:00,suba0,IdeState,Active,HelloWorld,Editor,C:/Users/suba0/Desktop/플랫폼/HelloWorld/src/HelloWorld.java,HelloWorld::main,2,54,Default task
2021-09-01T17:58:22.532+09:00,suba0,IdeState,Active,HelloWorld,Editor,C:/Users/suba0/Desktop/플랫폼/HelloWorld/src/HelloWorld.java,HelloWorld::main,2,54,Default task
2021-09-01T17:58:22.632+09:00,suba0,KeyEvent,65535:17:2,HelloWorld,Editor,C:/Users/suba0/Desktop/플랫폼/HelloWorld/src/HelloWorld.java,HelloWorld::main,2,54,Default task
2021-09-01T17:58:22.856+09:00,suba0,Action,SaveAll,HelloWorld,Editor,C:/Users/suba0/Desktop/플랫폼/HelloWorld/src/HelloWorld.java,HelloWorld::main,2,54,Default task
2021-09-01T17:58:22.877+09:00,suba0,KeyEvent,19:83:2,HelloWorld,Editor,C:/Users/suba0/Desktop/플랫폼/HelloWorld/src/HelloWorld.java,HelloWorld::main,2,54,Default task
2021-09-01T17:58:23.576+09:00,suba0,IdeState,Active,HelloWorld,Editor,C:/Users/suba0/Desktop/플랫폼/HelloWorld/src/HelloWorld.java,HelloWorld::main,2,54,Default task
2021-09-01T17:58:24.584+09:00,suba0,IdeState,Active,HelloWorld,Editor,C:/Users/suba0/Desktop/플랫폼/HelloWorld/src/HelloWorld.java,HelloWorld::main,2,54,Default task
2021-09-01T17:58:25.593+09:00,suba0,IdeState,Active,HelloWorld,Editor,C:/Users/suba0/Desktop/플랫폼/HelloWorld/src/HelloWorld.java,HelloWorld::main,2,54,Default task
2021-09-01T17:58:26.596+09:00,suba0,IdeState,Inactive,,,,,-1,-1,
2021-09-01T17:58:27.608+09:00,suba0,IdeState,Inactive,,,,,-1,-1,
2021-09-01T17:58:28.617+09:00,suba0,IdeState,Inactive,,,,,-1,-1,
2021-09-01T17:58:29.639+09:00,suba0,IdeState,Inactive,,,,,-1,-1,
2021-09-01T17:58:30.640+09:00,suba0,IdeState,Inactive,,,,,-1,-1,
2021-09-01T17:58:31.648+09:00,suba0,IdeState,Inactive,,,,,-1,-1,
2021-09-01T17:58:32.657+09:00,suba0,IdeState,Inactive,,,,,-1,-1,
2021-09-01T17:58:33.664+09:00,suba0,IdeState,Inactive,,,,,-1,-1,
